{"left": [[0.04185856878757477, 0.7852771878242493, 1.2592847724590683e-06], [0.12433271110057831, 0.7020918726921082, 0.005052069202065468], [0.18180671334266663, 0.6425405740737915, -0.0573691800236702], [0.2499617636203766, 0.6020476818084717, -0.1072344109416008], [0.31212544441223145, 0.5542125701904297, -0.15869466960430145], [0.14128637313842773, 0.6314011812210083, -0.3123106062412262], [0.211243137717247, 0.5786746740341187, -0.4361938238143921], [0.31258904933929443, 0.5699930191040039, -0.47846996784210205], [0.3873569369316101, 0.5738131999969482, -0.5004814863204956], [0.13542425632476807, 0.6832508444786072, -0.35931381583213806], [0.21548816561698914, 0.634109377861023, -0.5225142240524292], [0.31955665349960327, 0.6224778294563293, -0.5664503574371338], [0.4037754535675049, 0.6229798793792725, -0.5921434760093689], [0.14090584218502045, 0.7399757504463196, -0.38841888308525085], [0.21848613023757935, 0.7096176147460938, -0.5393388271331787], [0.3142061233520508, 0.6973723769187927, -0.582421600818634], [0.3948897123336792, 0.6953341364860535, -0.602941632270813], [0.157798171043396, 0.7978291511535645, -0.4048484265804291], [0.22302889823913574, 0.7915204167366028, -0.5308278203010559], [0.2895978093147278, 0.7937559485435486, -0.578483521938324], [0.35436463356018066, 0.7997537851333618, -0.6079690456390381]], "right": [[0.6279275417327881, 0.8318846225738525, -4.585744406426784e-08], [0.6275990009307861, 0.7555904984474182, -0.062066700309515], [0.6875070929527283, 0.6885174512863159, -0.108326755464077], [0.7437799572944641, 0.6478585600852966, -0.15040425956249237], [0.7884343862533569, 0.6023944616317749, -0.19368721544742584], [0.8091047406196594, 0.7051663398742676, -0.11243558675050735], [0.9096481204032898, 0.6731888055801392, -0.19791659712791443], [0.9244334101676941, 0.6598657965660095, -0.2683155834674835], [0.8905742764472961, 0.657471776008606, -0.31338804960250854], [0.8281158804893494, 0.7531498670578003, -0.12597307562828064], [0.9333518147468567, 0.7429360747337341, -0.213790163397789], [0.9443157911300659, 0.7313398718833923, -0.28445881605148315], [0.9082920551300049, 0.7208259105682373, -0.33496910333633423], [0.8236902952194214, 0.8045212626457214, -0.14480575919151306], [0.9268525838851929, 0.8044342398643494, -0.23086142539978027], [0.9462692737579346, 0.790298581123352, -0.29333850741386414], [0.9114725589752197, 0.7763547301292419, -0.3357815146446228], [0.7953094840049744, 0.8524885773658752, -0.16558432579040527], [0.8677480220794678, 0.863246500492096, -0.24824272096157074], [0.8786326050758362, 0.8590694069862366, -0.29431992769241333], [0.850154459476471, 0.8511117100715637, -0.32585081458091736]]}