{"left": [[0.4272065758705139, 0.7041332721710205, 4.969665496901143e-07], [0.4551963210105896, 0.6180906295776367, -0.03092830814421177], [0.42576342821121216, 0.5437225699424744, -0.07987231761217117], [0.42027154564857483, 0.48767146468162537, -0.13091537356376648], [0.4021774232387543, 0.42844438552856445, -0.1926622837781906], [0.28720420598983765, 0.5363285541534424, -0.1606706976890564], [0.20662851631641388, 0.4792403280735016, -0.25255244970321655], [0.1507272869348526, 0.4403209090232849, -0.3187725841999054], [0.10399162769317627, 0.405190646648407, -0.37294307351112366], [0.27570396661758423, 0.5739853382110596, -0.20570826530456543], [0.18776655197143555, 0.53107750415802, -0.320779025554657], [0.12862065434455872, 0.49742981791496277, -0.40692079067230225], [0.0730939656496048, 0.46037933230400085, -0.4755600392818451], [0.2838604748249054, 0.6226154565811157, -0.2479308843612671], [0.19642677903175354, 0.5952975153923035, -0.3564031422138214], [0.14615213871002197, 0.5633577108383179, -0.43420320749282837], [0.09843231737613678, 0.5296375155448914, -0.4937644898891449], [0.3097792863845825, 0.6766332387924194, -0.28799957036972046], [0.24335356056690216, 0.6706722974777222, -0.3899540603160858], [0.20265185832977295, 0.6603599190711975, -0.45323997735977173], [0.16034287214279175, 0.6465631723403931, -0.5039615631103516]], "right": [[0.9060078859329224, 0.5872844457626343, -2.571667607753625e-07], [0.8125331401824951, 0.5409896373748779, 0.05150208994746208], [0.7322131991386414, 0.5126045346260071, 0.02503702975809574], [0.6576125621795654, 0.5036989450454712, -0.009152017533779144], [0.5920287370681763, 0.5091243982315063, -0.051709696650505066], [0.6991516351699829, 0.4536198377609253, -0.09020966291427612], [0.5748590230941772, 0.427523672580719, -0.14343133568763733], [0.4872608184814453, 0.412821888923645, -0.16770558059215546], [0.4162238836288452, 0.39799827337265015, -0.1831069439649582], [0.7313969135284424, 0.47251763939857483, -0.14028482139110565], [0.5579596161842346, 0.5318896770477295, -0.16878516972064972], [0.5927794575691223, 0.5815523266792297, -0.13007453083992004], [0.6404585838317871, 0.5900492072105408, -0.1053180992603302], [0.757202684879303, 0.5141785740852356, -0.1837441474199295], [0.6105538010597229, 0.5840476155281067, -0.20005105435848236], [0.6588897705078125, 0.6130194664001465, -0.145802304148674], [0.7094113230705261, 0.6030739545822144, -0.11606169492006302], [0.7815985679626465, 0.5584009885787964, -0.2226933240890503], [0.6827206611633301, 0.6241127848625183, -0.232956662774086], [0.7173574566841125, 0.6417216062545776, -0.19885507225990295], [0.7575094103813171, 0.6272512674331665, -0.17693276703357697]]}