{"left": [[0.792085587978363, 0.5529212355613708, 6.917838959452638e-07], [0.7666865587234497, 0.4976383447647095, -0.1024804636836052], [0.6898394823074341, 0.45435798168182373, -0.1311245709657669], [0.6089332699775696, 0.42886045575141907, -0.1484089493751526], [0.5199841260910034, 0.39419984817504883, -0.16549664735794067], [0.579970121383667, 0.4468214213848114, 0.003253320697695017], [0.47496145963668823, 0.43052801489830017, -0.005771453958004713], [0.40740102529525757, 0.4372566342353821, -0.033220838755369186], [0.3561346232891083, 0.45492660999298096, -0.055519018322229385], [0.561374306678772, 0.4859262704849243, 0.03561631962656975], [0.44446781277656555, 0.47209060192108154, 0.024818258360028267], [0.3696742057800293, 0.4803893566131592, -0.027863068506121635], [0.32087957859039307, 0.4968106150627136, -0.06907201558351517], [0.5513838529586792, 0.5253058671951294, 0.05227432772517204], [0.4474167823791504, 0.513986349105835, 0.026574671268463135], [0.3830992877483368, 0.5185897350311279, -0.0351482592523098], [0.34185174107551575, 0.5263164639472961, -0.07739328593015671], [0.5478236675262451, 0.5663408041000366, 0.060203250497579575], [0.45503145456314087, 0.5566093921661377, 0.028508398681879044], [0.3971312642097473, 0.5505109429359436, -0.015363731421530247], [0.3524467945098877, 0.5430899262428284, -0.04930916056036949]], "right": [[0.7019014358520508, 0.7363153100013733, 1.270626057703339e-06], [0.6692591309547424, 0.6374587416648865, -0.011115025728940964], [0.5726768970489502, 0.5853943824768066, -0.012724225409328938], [0.46447229385375977, 0.553680956363678, -0.00599715718999505], [0.37274521589279175, 0.5264948606491089, 0.005196710117161274], [0.4146449565887451, 0.6340609192848206, -0.003653060644865036], [0.27976274490356445, 0.6121340990066528, 0.03017021156847477], [0.2193179428577423, 0.5985705852508545, 0.07013917714357376], [0.19523613154888153, 0.590155839920044, 0.10323760658502579], [0.40079769492149353, 0.6933276653289795, 0.01752903312444687], [0.24691547453403473, 0.6801610589027405, 0.0522460900247097], [0.18490228056907654, 0.6657774448394775, 0.09882550686597824], [0.15376850962638855, 0.6513427495956421, 0.14051790535449982], [0.4099847972393036, 0.7455481290817261, 0.03996424004435539], [0.27348077297210693, 0.7437243461608887, 0.07143910974264145], [0.21536298096179962, 0.7222196459770203, 0.11337029188871384], [0.19001629948616028, 0.701886773109436, 0.14858202636241913], [0.4375503361225128, 0.78595370054245, 0.06150054186582565], [0.3284660279750824, 0.7828729152679443, 0.10110379010438919], [0.28574705123901367, 0.7616029977798462, 0.13794559240341187], [0.2720488905906677, 0.7393476366996765, 0.17035230994224548]]}