{"left": [[0.33451586961746216, 0.7570922374725342, 6.274191832744691e-07], [0.369495689868927, 0.6569275856018066, -0.049384135752916336], [0.3320416808128357, 0.5840470194816589, -0.10886276513338089], [0.3089936673641205, 0.5339475274085999, -0.16986818611621857], [0.27577927708625793, 0.474082350730896, -0.24191249907016754], [0.18029263615608215, 0.59053635597229, -0.17202536761760712], [0.09496699273586273, 0.5550702810287476, -0.2902725040912628], [0.08526009321212769, 0.5260673761367798, -0.3812713027000427], [0.11247926950454712, 0.5024058818817139, -0.44694679975509644], [0.16067947447299957, 0.6368567943572998, -0.21306368708610535], [0.052499353885650635, 0.6058480739593506, -0.34510892629623413], [0.04342794418334961, 0.5814353823661804, -0.4496779143810272], [0.07631387561559677, 0.5563795566558838, -0.5294346213340759], [0.16991911828517914, 0.6909711360931396, -0.25586479902267456], [0.07122095674276352, 0.6728236675262451, -0.3921792209148407], [0.05625499039888382, 0.6434547901153564, -0.4994303584098816], [0.08346090465784073, 0.6194766163825989, -0.5733578205108643], [0.196382075548172, 0.7441034317016602, -0.2959034740924835], [0.1296125054359436, 0.744778573513031, -0.419829785823822], [0.1228189617395401, 0.7282965183258057, -0.5033533573150635], [0.14451730251312256, 0.7112497091293335, -0.5669447779655457]], "right": [[1.0441471338272095, 0.6853955984115601, 3.374841384129468e-08], [0.963886559009552, 0.6035315990447998, -0.010494139976799488], [0.8869879245758057, 0.5288903713226318, -0.04902896285057068], [0.8284939527511597, 0.4674313962459564, -0.08278326690196991], [0.7831746935844421, 0.4177607297897339, -0.12067471444606781], [0.9292325973510742, 0.5147953629493713, -0.17717790603637695], [0.8491308093070984, 0.4613993167877197, -0.2579496502876282], [0.7667789459228516, 0.45227354764938354, -0.2976348102092743], [0.6931712031364441, 0.45004400610923767, -0.3240759074687958], [0.9492709040641785, 0.5594547390937805, -0.2068433314561844], [0.8476154804229736, 0.5250872373580933, -0.3124491274356842], [0.737321674823761, 0.515497624874115, -0.36247697472572327], [0.6522872447967529, 0.5174155235290527, -0.4011760354042053], [0.9587299227714539, 0.6137868165969849, -0.22783590853214264], [0.8674361705780029, 0.5953232049942017, -0.32304078340530396], [0.7709289193153381, 0.5789275169372559, -0.36571288108825684], [0.697530210018158, 0.5696889162063599, -0.3927432894706726], [0.954298734664917, 0.671371340751648, -0.24275754392147064], [0.8610480427742004, 0.666538655757904, -0.32132476568222046], [0.7867777347564697, 0.6606048345565796, -0.3612005114555359], [0.7145597338676453, 0.6549335718154907, -0.3901159465312958]]}