{"left": [[0.1523320972919464, 0.7093087434768677, 7.202399388006597e-07], [0.20335422456264496, 0.620713472366333, 0.07664313912391663], [0.23092131316661835, 0.5554937124252319, 0.05828670784831047], [0.27090105414390564, 0.5041748285293579, 0.037090059369802475], [0.2906234562397003, 0.4461109936237335, 0.007609855383634567], [0.2329653948545456, 0.5426695942878723, -0.1979716569185257], [0.30805638432502747, 0.48038288950920105, -0.2968202531337738], [0.38567864894866943, 0.43967247009277344, -0.3371751010417938], [0.44646549224853516, 0.4113134443759918, -0.36337924003601074], [0.2529948651790619, 0.5854411721229553, -0.2698158621788025], [0.34630531072616577, 0.5200322866439819, -0.4117468595504761], [0.43476176261901855, 0.48108434677124023, -0.4594041705131531], [0.5090367794036865, 0.45164918899536133, -0.48959076404571533], [0.27434414625167847, 0.6349999904632568, -0.320960134267807], [0.35969337821006775, 0.5793070793151855, -0.45362967252731323], [0.43351882696151733, 0.5406098365783691, -0.5008318424224854], [0.4972274899482727, 0.5115213990211487, -0.5260537266731262], [0.30595090985298157, 0.68642657995224, -0.3529444932937622], [0.364546000957489, 0.6548060774803162, -0.4703982174396515], [0.4151926636695862, 0.6289005279541016, -0.52576744556427], [0.46750912070274353, 0.6037678122520447, -0.5631644129753113]], "right": [[0.6247832775115967, 0.9029611945152283, 5.796549089609471e-07], [0.5606205463409424, 0.8378296494483948, -0.014025607146322727], [0.4668010473251343, 0.7875311970710754, -0.043321914970874786], [0.40232449769973755, 0.7499032020568848, -0.06240851804614067], [0.36853867769241333, 0.7092310190200806, -0.08556462824344635], [0.5022812485694885, 0.780532717704773, -0.14440040290355682], [0.4462653696537018, 0.7531998753547668, -0.19170477986335754], [0.38780200481414795, 0.7381569147109985, -0.2087782770395279], [0.347103089094162, 0.7296383380889893, -0.2161087691783905], [0.5255778431892395, 0.8266680240631104, -0.15263201296329498], [0.36410319805145264, 0.8366930484771729, -0.19686748087406158], [0.3006051182746887, 0.8481703996658325, -0.19453966617584229], [0.2898049056529999, 0.8601367473602295, -0.191227525472641], [0.5339480638504028, 0.8809570670127869, -0.15318132936954498], [0.3560384511947632, 0.8987447619438171, -0.19203147292137146], [0.3381085693836212, 0.894084632396698, -0.17395997047424316], [0.3788384199142456, 0.8878999948501587, -0.15419594943523407], [0.5306944847106934, 0.9339754581451416, -0.15111030638217926], [0.38501572608947754, 0.9475058913230896, -0.189326673746109], [0.35245275497436523, 0.9336154460906982, -0.18585830926895142], [0.36826425790786743, 0.9146429300308228, -0.17487594485282898]]}